<service name="CpayS" scope="application"
targetNamespace="http://inm381/Coursework">
 <description>
 Description of Service
 </description>
 <messageReceivers>
 <messageReceiver mep="http://www.w3.org/2004/08/wsdl/in-only"
 class="org.apache.axis2.rpc.receivers.RPCInOnlyMessageReceiver"/>
 <messageReceiver mep="http://www.w3.org/2004/08/wsdl/in-out"
 class="org.apache.axis2.rpc.receivers.RPCMessageReceiver"/>
 </messageReceivers>
 <schema schemaNamespace="http://inm381/Coursework/xsd"/>
 <parameter name="ServiceClass">CpayS</parameter>
</service>